,weighted_sentiment_score,weighted_sentiment_score,weighted_sentiment_score,weighted_sentiment_score,weighted_sentiment_score,weighted_sentiment_score,weighted_sentiment_score,weighted_sentiment_score
,count,mean,std,min,25%,50%,75%,max
comment_subreddit,,,,,,,,
AskReddit,146,-0.336363827,1.46741073,-2.156645124,-2.014112666,0,1.007056333,2.108038476
Bogleheads,132,-0.021265616,1.388888397,-2.452715731,-1.031378802,0,1.031168206,2.22615274
CryptoCurrency,1897,-0.030176182,1.614388298,-3.19738314,-2.014112666,0,2.014112666,2.510342451
GME,203,0.027390763,1.672181224,-2.203271622,-2.014112666,0,2.014347877,2.211755632
HailCorporate,63,-0.814174894,1.381662448,-2.108530778,-2.060952496,-1.032522037,0,2.161929169
IPO,5,-1.813030695,0.450553622,-2.015288722,-2.014583088,-2.014112666,-2.014112666,-1.007056333
Infinity_For_Reddit,27,-0.536093407,1.247239415,-2.06191522,-1.534424239,-1.007056333,0,2.015994355
OutOfTheLoop,457,-0.524797694,1.522373199,-3.356407725,-2.014818299,-1.007291544,0,2.320346581
UrvinFinance,11,0.636060547,1.846230534,-2.111238441,-1.009761261,2.014112666,2.014583088,2.062637263
Wallstreetbetsnew,14,-0.443976779,1.476261101,-2.066728843,-2.014465483,0,0,2.015053511
antiwork,744,-0.687486308,1.533269988,-4.283292627,-2.015759144,-1.031739824,0,4.156311452
collapse,589,-0.353766724,1.452168883,-2.547172134,-2.014347877,-1.007056333,1.007291544,2.53351895
conspiracy,203,-0.467566231,1.607034985,-2.566568844,-2.014818299,-1.00740915,1.007232741,2.204042896
investing,83,-0.696678149,1.349820861,-2.255926089,-2.014465483,-1.030476248,0,2.061674539
mademesmile,411,0.377683343,1.749301826,-2.447393396,-2.014112666,1.007291544,2.014347877,2.974818737
mauerstrassenwetten,133,0.69780062,1.740032243,-2.232322928,-1.030476248,2.014112666,2.019992944,2.155638639
preppers,292,-0.689592053,1.37668308,-2.40556958,-2.015876749,-1.008526402,0,2.116653767
stockmarket,33,-0.341461211,1.750097359,-2.062155901,-2.014112666,-1.00740915,2.014112666,2.060952496
stocks,224,-0.642917789,1.525569192,-2.479759538,-2.014583088,-1.030596588,0,2.263802926
superstonk,3335,-0.11334145,1.670121493,-5.169469599,-2.014347877,0,2.014112666,3.544926688
unclebens,162,0.095240288,1.648617053,-2.241578212,-2.014053863,0,2.014112666,2.138561219
wallstreetbets,6118,-0.587463163,1.632418041,-4.558139535,-2.015053511,-1.030476248,1.007173939,3.000090255
